Paper_ID,Title,Authors,No_Authors,Affiliations,No_Fields,Keywords,Q1_Expensive_Compute,Q2_Reproducible,Justification,Tier
pmlr-v267-yanagisawa25a,Survival Analysis via Density Estimation,Hiroki Yanagisawa; Shunta Akiyama,2,"CyberAgent, Tokyo, Japan",1,Not provided by authors,N,Y,"The experiments ran on a single CPU with two small public datasets, so expensive computing is not required. The code is public and the main settings are reported, so the method should be reproducible.",A
pmlr-v202-yanagisawa23a,Proper Scoring Rules for Survival Analysis,Hiroki Yanagisawa,1,IBM Research - Tokyo,1,Not provided by authors,N,Y,"The experiments use one CPU, three public survival datasets, and a small neural network, so expensive computing is not required. The code and the training settings are available, so the study should be reproducible.",A
pmlr-v267-sesia25a,Doubly Robust Conformalized Survival Analysis with Right-Censored Data,Matteo Sesia; Vladimir Svetnik,2,"University of Southern California; Merck & Co., Inc.",3,Not provided by authors,N,Y,"The experiments use classical R models on synthetic and public data, so they take time but do not need expensive computing. The code, data, and main settings are public, so the study should be reproducible.",A
pmlr-v80-chapfuwa18a,Adversarial Time-to-Event Modeling,Paidamoyo Chapfuwa; Chenyang Tao; Chunyuan Li; Courtney Page; Benjamin Goldstein; Lawrence Carin; Ricardo Henao,7,Duke University,1,Not provided by authors,Y,Y,"The paper trains GAN-based models on four datasets, including a very large EHR dataset, so reproducing everything would be expensive. The code and three public datasets are available, so a smaller version should be reproducible.",A
pmlr-v97-dereli19a,A Multitask Multiple Kernel Learning Algorithm for Survival Analysis with Application to Cancer Biology,Onur Dereli; Ceyda Oğuz; Mehmet Gönen,3,Koç University,3,Not provided by authors,Y,Y,"The experiments use 20 cancer datasets, many kernels, and 100 repetitions on an HPC cluster, so reproducing all results would be expensive. The data and code are public, so a smaller version should be reproducible.",A
pmlr-v267-sheng25a,Learning Survival Distributions with the Asymmetric Laplace Distribution,Deming Sheng; Ricardo Henao,2,Duke University,1,Not provided by authors,N,Y,"The experiments use small neural networks and ran on a laptop CPU, so expensive computing is not required. The code, data, and training settings are available, so the study should be reproducible.",A
pmlr-v97-chen19a,Nearest Neighbor and Kernel Survival Analysis: Nonasymptotic Error Bounds and Strong Consistency Rates,George H. Chen,1,"Heinz College of Information Systems and Public Policy, Carnegie Mellon University",2,Not provided by authors,N,Y,"The experiments use four small datasets and classical nearest-neighbour and kernel methods, so expensive computing is not required. The algorithms and settings are described clearly, so a smaller reproduction should be possible even though no public code is reported.",A
pmlr-v235-qi24a,Conformalized Survival Distributions: A Generic Post-Process to Increase Calibration,Shi-Ang Qi; Yakun Yu; Russell Greiner,3,University of Alberta,2,Not provided by authors,Y,Y,"The full study evaluates seven models on 11 datasets with 10 random splits, including very large SEER data, so it would be expensive. The code and experimental settings are public, so a smaller version should be reproducible.",A
pmlr-v119-fernandez20a,Kernelized Stein Discrepancy Tests of Goodness-of-fit for Time-to-Event Data,Tamara Fernandez; Nicolas Rivera; Wenkai Xu; Arthur Gretton,4,University College London; University of Cambridge,2,Not provided by authors,N,Y,"The experiments use small simulated and clinical datasets with standard kernel tests, so expensive computing is not required. The algorithms and settings are described in detail, so a smaller reproduction should be possible even though no public code is reported.",A
pmlr-v267-liu25bt,Censor Dependent Variational Inference,Chuanhui Liu; Xiao Wang,2,"Department of Statistics, Purdue University",1,Not provided by authors,N,Y,"The datasets have at most 10,000 samples and the authors say that a GPU is not needed, so expensive computing is not required. The code and the main settings are available, so the study should be reproducible.",A
pmlr-v267-meir25a,Heterogeneous Treatment Effect in Time-to-Event Outcomes: Harnessing Censored Data with Recursively Imputed Trees,Tomer Meir; Uri Shalit; Malka Gorfine,3,Technion - Israel Institute of Technology; Tel Aviv University,3,Not provided by authors,Y,Y,"The full study uses many imputations, large causal forests, and up to 100 replications, so reproducing all results would be expensive. The code and two public datasets are available, so a smaller version should be reproducible.",A
pmlr-v202-qi23b,An Effective Meaningful Way to Evaluate Survival Models,Shi-Ang Qi; Neeraj Kumar; Mahtab Farrokh; Weijie Sun; Li-Hao Kuan; Rajesh Ranganath; Ricardo Henao; Russell Greiner,8,University of Alberta; New York University; Duke University,5,Not provided by authors,Y,Y,"The full study trains ten models on 29 datasets with cross-validation and a long-trained neural model, so it would be expensive. The replication code and settings are public, so a smaller study should be reproducible, although MIMIC-IV needs credentialed access.",A
pmlr-v119-wang20o,BoXHED: Boosted eXact Hazard Estimator with Dynamic covariates,Xiaochen Wang; Arash Pakbin; Bobak Mortazavi; Hongyu Zhao; Donald Lee,5,Yale University; Texas A&M University,4,Not provided by authors,Y,Y,"The full study uses wide cross-validation, a large longitudinal cohort, and 1,000 bootstrap datasets, so reproducing everything may be expensive. The BoXHED code and the main settings are public, so a smaller version should be reproducible.",A
pmlr-v267-langbein25a,Gradient-based Explanations for Deep Learning Survival Models,Sophie Hanna Langbein; Niklas Koenen; Marvin N. Wright,3,Leibniz Institute BIPS; University of Bremen; University of Copenhagen,5,Not provided by authors,Y,Y,"The study used a large server with eight GPUs and trained deep and image-based survival models, so it is expensive to reproduce. The code and model settings are public, so a smaller version should be reproducible, although the TCGA images need extra preparation.",A
pmlr-v235-bleistein24a,Dynamic Survival Analysis with Controlled Latent States,Linus Bleistein; Van Tuan Nguyen; Adeline Fermanian; Agathe Guilloux,4,Inria Paris; Centre de Recherche des Cordeliers (INSERM/Sorbonne); Paris Saclay; Califrais Machine Learning Lab; LPSM Univ. Paris Cité,4,Not provided by authors,Y,Y,"The full study compares seven methods on four datasets and trains neural CDE and ODE-RNN baselines with wide tuning, so it would be expensive. The code and settings are public, so a smaller version should be reproducible, although one dataset is private.",A
pmlr-v139-teng21a,T-SCI: A Two-Stage Conformal Inference Algorithm with Guaranteed Coverage for Cox-MLP,Jiaye Teng; Zeren Tan; Yang Yuan,3,Tsinghua University; Shanghai Qi Zhi Institute,1,Not provided by authors,Y,N,"The study evaluates many algorithms on three datasets and repeats each one 100 times, so it may need a lot of computing. No public code, hardware, or full training settings are reported, so exact reproduction is difficult.",A
NeurIPS-2021-7f6caf1f0ba788cd7953d817724c2b6e,Deep Extended Hazard Models for Survival Analysis,Qixian Zhong; Jonas W Mueller; Jane-Ling Wang,3,"Xiamen University; Amazon Web Services; University of California, Davis",3,brier score; convergence rate; curse of dimensionality,N,Y,"The experiments use four small medical datasets with five-fold cross-validation and ran on a normal laptop, so expensive computing is not required. The code archive and the hyperparameter settings are available, so the study should be reproducible.",A
NeurIPS-2022-455e1e30edf721bd7fa334fffabdcad8,Temporally-Consistent Survival Analysis,Lucas Maystre; Daniel Russo,2,Spotify; Columbia University,2,Not provided by authors,N,Y,"The experiments use small clinical and synthetic datasets and simple Cox optimization that runs in about a second on a laptop, so the computation is light. A public Python package, notebooks, and public data are available, so the results should be reproducible.",A
NeurIPS-2018-0fe473396242072e84af286632d3f0ff,Nonparametric Bayesian Lomax delegate racing for survival analysis with competing risks,Quan Zhang; Mingyuan Zhou,2,"McCombs School of Business, The University of Texas at Austin",1,Not provided by authors,Y,Y,"The full study uses Gibbs sampling on several synthetic and cancer datasets with 20 partitions and cluster support, so it would be expensive. The code and the main settings are public, so a smaller version should be reproducible.",A
NeurIPS-2018-2afe4567e1bf64d32a5527244d104cea,Multitask Boosting for Survival Analysis with Competing Risks,Alexis Bellot; Mihaela van der Schaar,2,University of Oxford; The Alan Turing Institute,2,Not provided by authors,Y,N,"The full study compares ten models on a large SEER cohort with cross-validation and 250-tree ensembles, so it would be expensive. No hardware and no clear replication code for this study are reported, so exact reproduction is uncertain.",A
NeurIPS-2017-861dc9bd7f4e7dd3cccd534d0ae2a2e9,Deep Multi-task Gaussian Processes for Survival Analysis with Competing Risks,Ahmed M. Alaa; Mihaela van der Schaar,2,"University of California, Los Angeles; University of Oxford",2,Not provided by authors,Y,Y,"The study trains a deep multi-task Gaussian process on a large SEER cohort with ten-fold cross-validation, so the full version is expensive. The lab code and the main settings are available, so a smaller version should be reproducible.",A
NeurIPS-2025-2328055904782718472d4583a199eb79,KSP: Kolmogorov-Smirnov metric-based Post-Hoc Calibration for Survival Analysis,Jeongho Park; Daheen Kim; Cheoljun Kim; Hyungbin Park; Sangwook Kang; Gwangsu Kim,6,Yonsei University; Jeonbuk National University,3,Not provided by authors,Y,Y,"The full study evaluates six models on ten datasets with 30 repetitions on an RTX 3090 GPU, so it is computationally expensive. The code, data, and settings are public, so the study should be reproducible, although MIMIC-III needs credentialed access.",A
NeurIPS-2020-d4a93297083a23cc099f7bd6a8621131,X-CAL: Explicit Calibration for Survival Analysis,Mark Goldstein; Xintian Han; Aahlad Puli; Adler J. Perotte; Rajesh Ranganath,5,New York University; Columbia University,1,Not provided by authors,Y,Y,"The full study trains shallow, deep, and convolutional models, including a MIMIC-III experiment with millions of instances, so it would be expensive. The code and the main settings are public, so a smaller version should be reproducible.",A
NeurIPS-2024-9fdb856e9340634dd322e1438431e291,FastSurvival: Hidden Computational Blessings in Training Cox Proportional Hazards Models,Jiachang Liu; Rui Zhang; Cynthia Rudin,3,Cornell University; Duke University,1,Not provided by authors,N,Y,"The experiments run on one CPU with datasets of at most about 15,000 samples, so they take time but do not need expensive computing. The code and the settings are public, so the experiments should be reproducible.",A
NeurIPS-2025-4985e71a19eb3c0e1b31657f8d9dec9e,NeuralSurv: Deep Survival Analysis with Bayesian Uncertainty Quantification,Mélodie Monod; Alessandro Micheli; Samir Bhatt,3,Imperial College London; University of Copenhagen,1,Not provided by authors,Y,Y,"The full study compares many deep survival models on nine datasets and trains networks for 1,000 epochs on several large GPUs, so it is expensive. The code and detailed settings are public, so a smaller version should be reproducible.",A
NeurIPS-2016-ef1e491a766ce3127556063d49bc2f98,Gaussian Processes for Survival Analysis,Tamara Fernandez; Nicolas Rivera; Yee Whye Teh,3,University of Oxford; University College London,2,Not provided by authors,N,N,"The experiments use small synthetic data and a 137-patient clinical dataset, so MCMC takes time but is not expensive. No public code, MCMC settings, seed, or hardware are reported, so exact reproduction is uncertain.",A
NeurIPS-2023-d1a25d7e93f06cb422b3a74a0aa3bf3f,Differentiable sorting for censored time-to-event data,Andre Vauvelle; Benjamin Wild; Roland Eils; Spiros Denaxas,4,University College London; BenevolentAI; Berlin Institute of Health,2,Not provided by authors,Y,Y,"The study trains convolutional models on very large imaging datasets and one experiment alone took about 18 hours on a GPU, so it is expensive. The code and settings are public, so a smaller version should be reproducible, although MIMIC-IV access is credentialed.",A
NeurIPS-2007-33e8075e9970de0cfea955afd4644bb2,On Ranking in Survival Analysis: Bounds on the Concordance Index,Harald Steck; Balaji Krishnapuram; Cary Dehing-Oberije; Philippe Lambin; Vikas C. Raykar,5,Siemens Medical Solutions Inc.; Maastro Clinic; University Hospital Maastricht; University Maastricht; GROW,2,Not provided by authors,N,N,"The experiments compare three linear ranking methods on five small medical datasets, so expensive computing is not required. No public code or seed is reported and one dataset is private, so exact reproduction is difficult.",A
NeurIPS-2025-398753ddd2e10ce39d0c620e85fab922,Beyond Average Value Function in Precision Medicine: Maximum Probability-Driven Reinforcement Learning for Survival Analysis,Jianqi Feng; Chengchun Shi; Zhenke Wu; Xiaodong Yan; Wei Zhao,5,Shandong University; Xi’an Jiaotong University; London School of Economics and Political Science; University of Michigan,1,Reinforcement Learning; Survival Analysis; Recurrent Events,Y,Y,"The full study runs DQN and DDPG experiments over many settings, sample sizes, and seeds on a GPU, so it is expensive. The code, seeds, and simulation settings are public, so the simulations should be reproducible, although the real study data needs separate access.",B - treatment
NeurIPS-2025-2b4bfa1cebe78d125fefd7ea6ffcfc6d,Orthogonal Survival Learners for Estimating Heterogeneous Treatment Effects from Time-to-Event Data,Dennis Frauen; Maresa Schröder; Konstantin Hess; Stefan Feuerriegel,4,LMU Munich; Munich Center for Machine Learning,1,Causal inference; treatment effect estimation; survival analysis; orthogonal learning,N,Y,"The experiments use small neural networks and moderate datasets and ran on an eight-core CPU, so expensive computing is not required. The code and the training settings are public, so the study should be reproducible.",A
NeurIPS-2022-312c92e0cb862422eaa49452cdf55caf,Censored Quantile Regression Neural Networks for Distribution-Free Survival Analysis,Tim Pearce; Jong-Hyeon Jeong; Yichen Jia; Jun Zhu,4,Tsinghua University; Microsoft Research; University of Pittsburgh,1,Not provided by authors,Y,Y,"The full study trains several neural models with 200 random seeds and includes an image experiment with 48,000 training images, so it would be expensive. The code and the main settings are public, so a smaller version should be reproducible.",A
NeurIPS-2021-10fb6cfa4c990d2bad5ddef4f70e8ba2,Inverse-Weighted Survival Games,Xintian Han; Mark Goldstein; Aahlad Puli; Thomas Wies; Adler J. Perotte; Rajesh Ranganath,6,Columbia University,1,Not provided by authors,N,Y,"The experiments use relatively small neural networks, five seeds, and datasets of moderate size, so expensive computing is not required. The code is public and the main training and evaluation settings are reported, so the experiments should be reproducible.",A
NeurIPS-2020-aeefb050911334869a7a5d9e4d0e1689,A kernel test for quasi-independence,Tamara Fernandez; Nicolas Rivera; Wenkai Xu; Arthur Gretton,4,University College London; TU Dortmund University,2,Not provided by authors,N,Y,"The experiments use moderate-sized datasets and classical kernel tests, so expensive computing is not required. The methods and experimental settings are described clearly, so a smaller reproduction should be possible even though no public code or hardware details are reported.",A
NeurIPS-2024-9c8df8de46c1a1b39b30b9f74be69c02,Toward Conditional Distribution Calibration in Survival Prediction,Shi-Ang Qi; Yakun Yu; Russell Greiner,3,University of Alberta,2,Not provided by authors,Y,Y,"The full study compares several survival models on 15 datasets over multiple random splits, so reproducing all experiments may be computationally expensive. The code and experimental settings are public, so a smaller reproduction should be feasible.",A
NeurIPS-2023-e664650506f1cf2b4696df892147c06e,Survival Permanental Processes for Survival Analysis with Time-Varying Covariates,Hideaki Kim,1,"NTT Human Informatics Laboratories, NTT Corporation",1,Not provided by authors,N,Y,"The experiments ran on a CPU-only MacBook and used datasets of manageable size, so expensive computing is not required. The code, data, and main experimental settings are available, so the study should be reproducible.",A
NeurIPS-2020-e56eea9a45b153de634b23780365f976,A Robust Functional EM Algorithm for Incomplete Panel Count Data,Alexander Moreno; Zhenke Wu; Jamie Roslyn Yap; Cho Lam; David Wetter; Inbal Nahum-Shani; Walter Dempsey; James M. Rehg,8,Georgia Institute of Technology; University of Michigan; University of Utah,2,Not provided by authors,N,Y,"The experiments use small datasets and standard EM estimation, so expensive computing is not required. The method and settings are described clearly, so a smaller reproduction should be possible, although no public code is reported and the smoking dataset is private.",A
NeurIPS-2021-e0eacd983971634327ae1819ea8b6214,SurvITE: Learning Heterogeneous Treatment Effects from Time-to-Event Data,Alicia Curth; Changhee Lee; Mihaela van der Schaar,3,"University of Cambridge; Chung-Ang University; University of California, Los Angeles; The Alan Turing Institute",1,Not provided by authors,N,Y,"The experiments use a single standard GPU and moderate-sized datasets, so expensive computing is not required. The code and main implementation settings are available, so the study should be reproducible.",A
JMLR-v25-22-0667,Survival Kernets: Scalable and Interpretable Deep Kernel Survival Analysis with an Accuracy Guarantee,George H. Chen,1,"Heinz College of Information Systems and Public Policy, Carnegie Mellon University",2,survival analysis; kernel methods; neural networks; scalability; interpretability,Y,Y,"The full experiments use large datasets, several models, and extensive hyperparameter searches, so reproducing all results would be expensive. The code and experimental settings are available, so a smaller version should be reproducible.",A
JMLR-v23-19-450,Empirical Risk Minimization under Random Censorship,Guillaume Ausset; Stephan Clémençon; François Portier,3,"LTCI, Télécom Paris, Institut Polytechnique de Paris; BNP Paribas; CREST UMR 9194, ENSAI, Univ Rennes",3,Censored data; empirical risk minimization; U-processes; statistical learning theory; survival data analysis,N,Y,"The experiments use classical machine learning models and datasets of manageable size, so expensive computing is not required. The code and experimental procedure are available, so the study should be reproducible.",A
JMLR-v26-23-0335,Efficient and Robust Transfer Learning of Optimal Individualized Treatment Regimes with Right-Censored Survival Data,Pan Zhao; Julie Josse; Shu Yang,3,"Statistical Laboratory, University of Cambridge; PreMeDICaL, Inria Montpellier; Department of Statistics, North Carolina State University",2,covariate shift; data integration; policy learning; semiparametric theory; transportability,Y,Y,"The full simulation study uses many Monte Carlo and bootstrap repetitions, so reproducing every result may be expensive. The R code and main settings are available, so the simulations should be reproducible, although the ICU datasets may require separate access.",A
JMLR-v24-19-1030,The Brier Score under Administrative Censoring: Problems and a Solution,Håvard Kvamme; Ørnulf Borgan,2,University of Oslo,1,Not provided by authors,N,Y,The proposed evaluation correction involves simple survival-probability calculations. All simulations and metrics can be reproduced with standard R or Python survival libraries.,A
JMLR-v23-20-900,SODEN: A Scalable Continuous-Time Survival Model through Ordinary Differential Equation Networks,Weijing Tang; Jiaqi Ma; Qiaozhu Mei; Ji Zhu,4,"Department of Statistics, University of Michigan; School of Information, University of Michigan; Department of Electrical Engineering and Computer Science, University of Michigan",3,Survival Analysis; Ordinary Differential Equation; Neural Networks,Y,Y,"The full experiments train several deep survival models with extensive hyperparameter tuning, so reproducing all results would be expensive. The code and main experimental settings are available, so a smaller version should be reproducible.",A
JMLR-v24-22-0833,"Weibull Racing Survival Analysis with Competing Events, Left Truncation, and Time-Varying Covariates",Quan Zhang; Yanxun Xu; Mei-Cheng Wang; Mingyuan Zhou,4,"Department of Accounting and Information Systems, Michigan State University; Department of Applied Mathematics and Statistics, Johns Hopkins University; Department of Biostatistics, Johns Hopkins University; Department of Information, Risk, and Operations Management, The University of Texas at Austin; Department of Statistics and Data Sciences, The University of Texas at Austin",5,Bayesian nonparametrics; censoring and missing outcomes; interpretable nonlinearity; MCMC,Y,N,"The full study uses long MCMC runs and many repeated experiments, so reproducing all results may require substantial computing. Public WDR code and hardware details are not reported in the paper, so exact reproduction is uncertain.",A
JMLR-v27-23-1465,Exploring Novel Uncertainty Quantification through Forward Intensity Function Modeling,Yudong Wang; Zhi-Sheng Ye; Cheng Yong Tang,3,"Department of Industrial Systems Engineering and Management, National University of Singapore; Department of Statistics, Operations, and Data Science, Temple University",2,forward intensity; functional-valued parameter; interval predictions; time-to-event analysis; uncertainty quantification,Y,N,"The full simulation study uses many repeated datasets and resampling runs, so reproducing all results may be expensive. Public code is not reported in the paper, so exact reproduction is uncertain.",A
JMLR-v20-18-424,Time-to-Event Prediction with Neural Networks and Cox Regression,Håvard Kvamme; Ørnulf Borgan; Ida Scheel,3,University of Oslo,1,Cox regression; customer churn; neural networks; non-proportional hazards; survival prediction,Y,Y,"The full study includes extensive hyperparameter searches and a very large dataset, so reproducing all experiments may be computationally expensive. The public package includes the methods, simulations, and datasets, so a smaller reproduction should be feasible.",A
JMLR-v12-vanbelle11a,Learning Transformation Models for Ranking and Survival Analysis,Vanya Van Belle; Kristiaan Pelckmans; Sabine Van Huffel; Johan A. K. Suykens,4,"Katholieke Universiteit Leuven, ESAT-SCD; Uppsala University, Department of Information Technology",2,support vector machines; preference learning; ranking models; ordinal regression; survival analysis,N,Y,"The experiments use classical optimization and relatively small datasets, so expensive computing is not required. The methods and settings are described clearly, so a smaller reproduction should be possible even though no public code is reported.",A
JMLR-v17-16-007,Support Vector Hazards Machine: A Counting Process Framework for Learning Risk Scores for Censored Outcomes,Yuanjia Wang; Tianle Chen; Donglin Zeng,3,"Department of Biostatistics, Mailman School of Public Health, Columbia University; Biogen; Department of Biostatistics, University of North Carolina at Chapel Hill",2,support vector machine; survival analysis; risk bound; risk prediction; neuroimaging biomarkers; early disease detection,Y,N,"The full simulation study repeats many quadratic-programming experiments, so reproducing every result may be computationally expensive. Public code and hardware information are not reported in the paper, so exact reproduction is uncertain.",A
JMLR-v21-20-729,scikit-survival: A Library for Time-to-Event Analysis Built on Top of scikit-learn,Sebastian Pölsterl,1,Technical University of Munich,2,Not provided by authors,N,Y,"The library is designed for efficient CPU-based survival workflows. The complete open-source package, documentation, and public example datasets provide excellent reproducibility.",A
JMLR-v21-18-772,Effective Ways to Build and Evaluate Individual Survival Distributions,Humza Haider; Bret Hoehn; Sarah Davis; Russell Greiner,4,"Department of Computing Science, University of Alberta; Alberta Machine Intelligence Institute",1,Survival analysis; risk model; patient-specific survival prediction; calibration; discrimination,Y,Y,"The full study compares several models across eight datasets with nested cross-validation, so reproducing every result may be computationally expensive. The code and experimental settings are public, so a smaller reproduction should be feasible.",A
JMLR-v25-23-0888,Fairness in Survival Analysis with Distributionally Robust Optimization,Shu Hu; George H. Chen,2,"Department of Computer and Information Technology, Purdue University; Heinz College of Information Systems and Public Policy, Carnegie Mellon University",3,survival analysis; fairness; distributionally robust optimization,Y,Y,"The full study trains many survival-model variants across several datasets and repeated experiments, so reproducing all results may be computationally expensive. The code and main experimental settings are public, so the study should be reproducible.",A
JMLR-v21-19-829,Functional Martingale Residual Process for High-Dimensional Cox Regression with Model Averaging,Baihua He; Yanyan Liu; Yuanshan Wu; Guosheng Yin; Xingqiu Zhao,5,"School of Mathematics and Statistics, Wuhan University; School of Statistics and Mathematics, Zhongnan University of Economics and Law; Department of Statistics and Actuarial Science, The University of Hong Kong; Department of Applied Mathematics, The Hong Kong Polytechnic University",3,Asymptotic Optimality; Censored Data; Cross Validation; Greedy Algorithm; Martingale Residual Process; Prediction; Survival Analysis,Y,N,"The full study uses many high-dimensional simulations and repeated cross-validation, so reproducing all results may be expensive. Public code and hardware information are not reported, so exact reproduction is uncertain.",A
JMLR-v19-16-656,A Hidden Absorbing Semi-Markov Model for Informatively Censored Temporal Data: Learning and Inference,Ahmed M. Alaa; Mihaela van der Schaar,2,"Electrical Engineering Department, University of California, Los Angeles; Department of Engineering Science, University of Oxford",1,Hidden Semi-Markov Models; Medical Informatics; Monte Carlo methods,Y,N,"The full study uses Monte Carlo EM and repeated training of several temporal models, so reproducing all results may be computationally expensive. The clinical dataset is private and public code is not reported, so exact reproduction is difficult.",A
doi:10.1007/s10994-021-06117-0,Optimal survival trees,Dimitris Bertsimas; Jack Dunn; Emma Gibson; Agni Orfanoudaki,4,"Operations Research Center, Massachusetts Institute of Technology; Saïd Business School, University of Oxford",2,Survival analysis; Optimal trees; Mixed-integer optimization; Censored data,Y,N,"The full study trains thousands of survival trees across many simulated settings, so reproducing all results would be expensive. The datasets and licensed software are available, but the source code is not public, so exact reproduction is uncertain.",A
doi:10.1007/s10994-024-06686-w,Adaptive transformer modelling of density function for nonparametric survival analysis,Xin Zhang; Deval Mehta; Yanan Hu; Chao Zhu; David Darby; Zhen Yu; Daniel Merlo; Melissa Gresle; Anneke van der Walt; Helmut Butzkueven; Zongyuan Ge,11,"Department of Electrical and Computer Systems Engineering, Monash University; AIM for Health Lab, Monash University; Department of Data Science and AI, Monash University; Monash Centre for Health Research and Implementation, Monash University; Department of Neuroscience, Monash University; Department of Neurology, Monash University",5,Survival analysis; Transformer; Margin-Mean-Variance loss; Deep learning,Y,Y,"The full study trains several deep models with cross-validation and hyperparameter tuning, so reproducing every result may be computationally expensive. The code and most datasets are public and the main settings are reported, so a reduced reproduction should be feasible.",A
doi:10.1007/s10994-020-05921-4,CPAS: the UK’s national machine learning-based hospital capacity planning system for COVID-19,Ahmed M. Alaa; Zhaozhi Qian; Jonathan Rashbass; Mihaela van der Schaar,4,University of Cambridge; NHS England,3,COVID-19; Hospital capacity; Survival risk; Automated machine learning,Y,N,"Nationwide clinical modeling and deployment require substantial infrastructure and repeated automated-ML training. The patient-level national data are sensitive and not openly available, preventing faithful end-to-end reproduction.",B - risk
pmlr-v70-dempsey17a,"iSurvive: An Interpretable, Event-time Prediction Model for mHealth",Walter H. Dempsey; Alexander Moreno; Christy K. Scott; Michael L. Dennis; David H. Gustafson; Susan A. Murphy; James M. Rehg,7,University of Michigan; Georgia Institute of Technology; Lighthouse Institute; University of Wisconsin-Madison,3,Not provided by authors,N,Y,"The experiments use small datasets and standard EM-based models, so expensive computing is not required. The software is public and the main methods are reported, so the experiments should be reproducible.",A
pmlr-v202-chu23c,Multiply Robust Off-policy Evaluation and Learning under Truncation by Death,Jianing Chu; Shu Yang; Wenbin Lu,3,"Department of Statistics, North Carolina State University",1,Not provided by authors,Y,N,"The full study uses many simulation replications, bootstrap runs, and policy optimizations, so reproducing all results may be expensive. Public code and hardware information are not reported, so exact reproduction is uncertain.",B - treatment
pmlr-v267-gao25s,Doubly Protected Estimation for Survival Outcomes Utilizing External Controls for Randomized Clinical Trials,Chenyin Gao; Shu Yang; Mingyang Shan; Wenyu Ye; Ilya Lipkovich; Douglas Faries,6,"Department of Statistics, North Carolina State University; Department of Biostatistics, Harvard University; Eli Lilly & Company",3,Not provided by authors,Y,Y,"The full study uses many simulation and bootstrap runs, so reproducing every result may be computationally expensive. The R code and main settings are available, so a reduced reproduction should be feasible.",A
pmlr-v202-kim23s,SurProGenes: Survival Risk-Ordered Representation of Cancer Patients and Genes for the Identification of Prognostic Genes,Junetae Kim; Kyoungsuk Park; Hanseok Jeong; Youngwook Kim; Jeongseon Kim; Sun-Young Kim,6,"Department of Cancer AI & Digital Health, Graduate School of Cancer Science and Policy, National Cancer Center; Department of Electrical and Computer Engineering, University of Seoul; Department of Cancer Biomedical Science, Graduate School of Cancer Science and Policy, National Cancer Center",3,Not provided by authors,Y,Y,"The study trains several representation models on high-dimensional genomic data, so reproducing all results may be computationally expensive. The code and cancer datasets are public, so the experiments should be reproducible.",A
pmlr-v235-song24b,Multimodal Prototyping for Cancer Survival Prediction,Andrew H. Song; Richard J. Chen; Guillaume Jaume; Anurag Jayant Vaidya; Alexander Baras; Faisal Mahmood,6,Mass General Brigham; Harvard Medical School; Massachusetts Institute of Technology; Johns Hopkins University School of Medicine,2,Not provided by authors,Y,Y,"The full study compares many deep multimodal models across six cancer datasets, so reproducing all results would require expensive computing. The code, public data, and main settings are available, so a reduced reproduction should be feasible.",A
pmlr-v139-berrevoets21a,Learning Queueing Policies for Organ Transplantation Allocation using Interpretable Counterfactual Survival Analysis,Jeroen Berrevoets; Ahmed Alaa; Zhaozhi Qian; James Jordon; Alexander E. S. Gimson; Mihaela van der Schaar,6,"Department of Applied Mathematics and Theoretical Physics, University of Cambridge; Department of Electrical Engineering, University of California, Los Angeles; Department of Engineering Science, University of Oxford; Cambridge University Hospitals; The Alan Turing Institute",5,Not provided by authors,Y,Y,"The full study uses large transplant datasets, repeated folds, simulations, and hyperparameter search, so reproducing all results may be computationally expensive. The code and main settings are public, so a reduced reproduction should be feasible.",B - treatment
pmlr-v119-tang20c,Clinician-in-the-Loop Decision Making: Reinforcement Learning with Near-Optimal Set-Valued Policies,Shengpu Tang; Aditya Modi; Michael Sjoding; Jenna Wiens,4,University of Michigan; Michigan Medicine,3,Not provided by authors,N,N,"The models are moderate in size and the core method should not require expensive hardware. The clinical data and full preprocessing pipeline may not be public, so exact reproduction is uncertain.",B - treatment
NeurIPS-2011-1019c8091693ef5c5f55970346633f92,Learning Patient-Specific Cancer Survival Distributions as a Sequence of Dependent Regressors,Chun-Nam Yu; Russell Greiner; Hsiu-Chin Lin; Vickie Baracos,4,"Department of Computing Science, University of Alberta; Department of Oncology, University of Alberta",2,Not provided by authors,N,N,"The experiments use classical regression models and moderate-sized datasets, so expensive computing is not required. Public code is not reported and the main cancer dataset is not publicly provided, so exact reproduction is uncertain.",A
NeurIPS-1994-9908279ebbf1f9b250ba689db6a0222b,Comparing the Prediction Accuracy of Artificial Neural Networks and Other Statistical Models for Breast Cancer Survival,Harry B. Burke; David B. Rosen; Philip H. Goodman,3,New York Medical College; University of Nevada School of Medicine,2,Not provided by authors,N,N,"The neural networks are small by modern standards, so the computation is not expensive. The original breast-cancer data and code are not provided in a modern public repository, so exact reproduction would be difficult.",B - risk
NeurIPS-2025-221f7e3c1c8b4ee48d45a53589051590,DoseSurv: Predicting Personalized Survival Outcomes under Continuous-Valued Treatments,Moritz Gögl; Yu Liu; Christopher Yau; Peter Watkinson; Tingting Zhu,5,University of Oxford; Health Data Research UK,1,Not provided by authors,N,Y,"The experiments use one GPU and relatively short training runs, so expensive computing is not required. The code, public data, and main settings are available, so the experiments should be reproducible.",A
NeurIPS-2025-527d9d8f89aec80d634e366a97f49ba8,Cancer Survival Analysis via Zero-shot Tumor Microenvironment Segmentation on Low-resolution Whole Slide Pathology Images,Jiao Tang; Wei Shao; Daoqiang Zhang,3,"The College of Artificial Intelligence, Nanjing University of Aeronautics and Astronautics; The Key Laboratory of Brain-Machine Intelligence Technology, Ministry of Education",1,Cancer Survival Analysis; Zero-shot Tumor Microenvironment Segmentation; Low-resolution Whole Slide Pathology Images,Y,N,"The full study trains deep WSI models across four cancer cohorts and five folds, so reproducing all results may be computationally expensive. The datasets and settings are available, but public source code is not reported, so exact reproduction is uncertain.",A
NeurIPS-2024-760341adc5632de3f1cf2e8d22215a93,Leveraging Tumor Heterogeneity: Heterogeneous Graph Representation Learning for Cancer Survival Prediction in Whole Slide Images,Junxian Wu; Xinyi Ke; Xiaoming Jiang; Huanwen Wu; Youyong Kong; Lizhi Shao,6,Anhui University; Southeast University; Peking Union Medical College Hospital; Chinese Academy of Medical Sciences and Peking Union Medical College; Chongqing University of Posts and Telecommunications,3,Not provided by authors,Y,Y,"The full study uses deep WSI models and several GPUs, so reproducing all results may be expensive. The code and main datasets are public, so a reduced reproduction should be feasible.",A
NeurIPS-2024-765871e77d2ca65126d3d64d31aa6908,HEALNet: Multimodal Fusion for Heterogeneous Biomedical Data,Konstantin Hemker; Nikola Simidjievski; Mateja Jamnik,3,"Department of Computer Science & Technology, University of Cambridge; PBCI, Department of Oncology, University of Cambridge",2,Not provided by authors,Y,Y,"The full study trains several multimodal models with cross-validation and hyperparameter tuning, so reproducing all results may be expensive. The code, public data, and main settings are available, so the experiments should be reproducible.",B - risk
NeurIPS-2024-375fca131243755f9e268d1a37ffcd85,Toward a Well-Calibrated Discrimination via Survival Outcome-Aware Contrastive Learning,Dongjoon Lee; Hyeryn Park; Changhee Lee,3,Chung-Ang University; Korea University,1,Not provided by authors,Y,Y,"The full study repeats many models across several datasets and random seeds, so reproducing all results may be computationally expensive. The code and main experimental settings are public, so the experiments should be reproducible.",A
NeurIPS-2015-a591024321c5e2bdbd23ed35f0574dde,Efficient Learning of Continuous-Time Hidden Markov Models for Disease Progression,Yu-Ying Liu; Shuang Li; Fuxin Li; Le Song; James M. Rehg,5,Georgia Institute of Technology,2,Not provided by authors,N,N,The proposed learning algorithm is designed to be efficient and should run on a modest workstation. Exact reproduction may be limited by access to the original disease-progression data and the older software setup.,B - progression
NeurIPS-2019-1d0932d7f57ce74d9d9931a2c6db8a06,Attentive State-Space Modeling of Disease Progression,Ahmed M. Alaa; Mihaela van der Schaar,2,University of Cambridge; The Alan Turing Institute,2,Not provided by authors,Y,N,"The model uses deep probabilistic state-space learning on longitudinal registry data, so a GPU would help. The cystic-fibrosis registry data are not generally open, which makes exact reproduction difficult.",B - progression
NeurIPS-2021-af1c25e88a9e818f809f6b5d18ca02e2,Reinforcement Learning based Disease Progression Model for Alzheimer's Disease,Krishnakant Saboo; Anirudh Choudhary; Yurui Cao; Gregory Worrell; David Jones; Ravishankar Iyer,6,University of Illinois Urbana-Champaign; Mayo Clinic,3,Not provided by authors,Y,N,"The work trains reinforcement-learning models on longitudinal Alzheimer's data and may require a GPU. The clinical data have access restrictions, so the full experiment is not easy to reproduce.",B - progression
NeurIPS-2021-5ea1649a31336092c05438df996a3e59,Integrating Expert ODEs into Neural ODEs: Pharmacology and Disease Progression,Zhaozhi Qian; William Zame; Lucas Fleuren; Paul Elbers; Mihaela van der Schaar,5,"University of Cambridge; University of California, Los Angeles; Amsterdam UMC; The Alan Turing Institute",3,Not provided by authors,Y,N,"Training neural ODE models and repeatedly solving differential equations can be computationally demanding. The clinical data and all preprocessing steps are not clearly public, so exact reproduction is uncertain.",B - progression
NeurIPS-2021-c7b90b0fc23725f299b47c5224e6ec0d,Learning Riemannian Metric for Disease Progression Modeling,Samuel Gruffaz; Pierre-Emmanuel Poulet; Etienne Maheux; Bruno Jedynak; Stanley Durrleman,5,Inria; Sorbonne Université; Paris Brain Institute; Johns Hopkins University,3,Not provided by authors,Y,N,"The model performs iterative geometric learning on longitudinal imaging and clinical data, so the complete study may be expensive. ADNI data can be requested, but the full preprocessing and implementation need further verification.",B - progression
NeurIPS-2024-73c362193e3e23188b2a74de7824cc4c,Unscrambling Disease Progression at Scale: Fast Inference of Event Permutations with Optimal Transport,Peter A. Wijeratne; Daniel C. Alexander,2,University of Sussex; University College London,2,Not provided by authors,N,Y,"The paper focuses on a fast optimal-transport inference method and should be manageable on a modern workstation. It includes simulation settings and public disease datasets, so the main method should be reproducible.",B - progression
NeurIPS-2021-26405399c51ad7b13b504e74eb7c696c,Medical Dead-ends and Learning to Identify High-Risk States and Treatments,Mehdi Fatemi; Taylor W. Killian; Jayakumar Subramanian; Marzyeh Ghassemi,4,Microsoft Research; University of Toronto; Vector Institute; Adobe Research India; Massachusetts Institute of Technology,2,Not provided by authors,Y,N,"The study uses reinforcement learning on large intensive-care data and may require a GPU. MIMIC data are accessible after approval, but the full clinical pipeline and exact environment may be difficult to reproduce.",B - treatment
NeurIPS-2016-062ddb6c727310e76b6200b7c71f63b5,A Non-parametric Learning Method for Confidently Estimating Patient's Clinical State and Dynamics,William Hoiles; Mihaela van der Schaar,2,"University of California, Los Angeles",2,Not provided by authors,N,N,"The method combines nonparametric Bayesian learning and statistical tests, but the model size is moderate. The cancer-ward data are not public, so exact reproduction is not straightforward.",B - progression
NeurIPS-2025-bfe27c959fda8112520479539c69360f,Multimodal Disease Progression Modeling via Spatiotemporal Disentanglement and Multiscale Alignment,Chen Liu; Wenfang Yao; Kejing Yin; William K. Cheung; Jing Qin,5,The Hong Kong Polytechnic University; Hong Kong Baptist University,2,Not provided by authors,Y,N,"The model combines several neural components on multimodal ICU data, so a GPU is likely needed. MIMIC can be accessed after training and approval, but the complete code and preprocessing still need checking.",B - progression
NeurIPS-2023-1498a03a04f9bcd3a7d44058fc5dc639,Risk-Averse Active Sensing for Timely Outcome Prediction under Cost Pressure,Yuchao Qin; Mihaela van der Schaar; Changhee Lee,3,University of Cambridge; The Alan Turing Institute; Chung-Ang University,2,Not provided by authors,Y,N,"The method uses sequential deep learning and repeated policy evaluation, so full experiments may be expensive. The clinical data and exact training pipeline are not fully open, which reduces reproducibility.",B - screening
NeurIPS-2017-2288f691b58edecadcc9a8691762b4fd,Maximum Margin Interval Trees,Toby Dylan Hocking; Alexandre Drouin; François Laviolette,3,McGill University; Université Laval,2,Not provided by authors,N,Y,"The tree algorithm is designed to be fast and does not need a GPU. The method and benchmark setup are described clearly, so it should be reproducible with standard interval-censored datasets.",A
NeurIPS-2025-9deeb6f5be09657d9e6e6c0d2416af47,Evaluating and Learning Optimal Dynamic Treatment Regimes under Truncation by Death,Sihyung Park; Wenbin Lu; Shu Yang,3,North Carolina State University,1,Dynamic Treatment Regimes; Panel Data; Principal Stratification; Truncation by Death; Multiple Robustness; Nonparametric Efficiency; Personalized Medicine,Y,Y,"The full study uses many simulation repetitions and repeated policy optimization, so reproducing all results may be computationally expensive. The code, environment file, public data, and main settings are available, so the experiments should be reproducible.",B - treatment
NeurIPS-2020-abc99d6b9938aa86d1f30f8ee0fd169f,Learning to Select Best Forecast Tasks for Clinical Outcome Prediction,Yuan Xue; Nan Du; Anne Mottram; Martin Seneviratne; Andrew M. Dai,5,Google,1,Not provided by authors,Y,N,"The nested meta-learning procedure uses many auxiliary tasks and is likely to need a GPU. The real electronic-health-record dataset is not fully public, so exact reproduction is difficult.",B - risk
NeurIPS-2020-0e900ad84f63618452210ab8baae0218,Learning to Search Efficiently for Causally Near-Optimal Treatments,Samuel Håkansson; Viktor Lindblom; Omer Gottesman; Fredrik D. Johansson,4,ETH Zurich; Chalmers University of Technology; Harvard University,2,Not provided by authors,N,N,"The model-based dynamic programming method is not unusually large and should run on a normal computer. The real healthcare data and full preprocessing are not clearly public, so exact reproduction may be limited.",B - treatment
NeurIPS-2020-1819020b02e926785cf3be594d957696,Robust Recursive Partitioning for Heterogeneous Treatment Effects with Uncertainty Quantification,Hyun-Suk Lee; Yao Zhang; William Zame; Cong Shen; Jang-Won Lee; Mihaela van der Schaar,6,"University of Cambridge; University of California, Los Angeles; Yonsei University; Sejong University",2,Not provided by authors,N,Y,"The method uses recursive partitioning and standard treatment-effect estimators, so a modest workstation should be enough. Synthetic and semi-synthetic experiments make a basic reproduction possible.",B - treatment
NeurIPS-2020-d0bb8259d8fe3c7df4554dab9d7da3c9,Representation Learning for Integrating Multi-domain Outcomes to Optimize Individualized Treatment,Yuan Chen; Donglin Zeng; Tianchen Xu; Yuanjia Wang,4,Columbia University; University of North Carolina at Chapel Hill,1,Not provided by authors,Y,N,"The framework trains a multilayer neural network on several patient outcomes, so a GPU may be useful. The clinical-trial data are not fully open, which makes exact reproduction uncertain.",B - treatment
JMLR-v17-15-436,Integrative Analysis using Coupled Latent Variable Models for Individualizing Prognoses,Peter Schulam; Suchi Saria,2,Johns Hopkins University,2,Not provided by authors,N,Y,"The method uses latent-variable models on longitudinal clinical data and should be manageable on a normal workstation. The paper gives a detailed model and simulation design, so the main method can be reproduced even if some clinical data are restricted.",B - progression
JMLR-v18-17-197,A Bayesian Mixed-Effects Model to Learn Trajectories of Changes from Repeated Manifold-Valued Observations,Jean-Baptiste Schiratti; Stéphanie Allassonnière; Olivier Colliot; Stanley Durrleman,4,Ecole Polytechnique; Sorbonne University,2,Not provided by authors,Y,Y,"The Bayesian mixed-effects model uses repeated numerical optimization and may take time on imaging data. The algorithm and simulation settings are detailed, so a smaller experiment should be reproducible.",B - progression
JMLR-v25-23-0072,Learning Optimal Dynamic Treatment Regimens Subject to Stagewise Risk Controls,Mochuan Liu; Yuanjia Wang; Haoda Fu; Donglin Zeng,4,University of North Carolina at Chapel Hill; Columbia University; Eli Lilly and Company; University of Michigan,3,Not provided by authors,N,Y,"The method solves weighted support vector machine problems and does not need special hardware. The paper includes simulations and a clear clinical application, so the core analysis should be reproducible.",B - treatment
JMLR-v21-20-066,Breaking the Curse of Nonregularity with Subagging - Inference of the Mean Outcome under Optimal Treatment Regimes,Chengchun Shi; Wenbin Lu; Rui Song,3,London School of Economics and Political Science; North Carolina State University,2,Not provided by authors,N,Y,"The study mainly uses resampling and standard statistical models, so a normal computer should be enough. The procedure and simulation settings are clearly described, which supports reproduction.",B - treatment
JMLR-v24-22-0657,Conditional Distribution Function Estimation Using Neural Networks for Censored and Uncensored Data,Bingqing Hu; Bin Nan,2,"University of California, Irvine",1,conditional distribution estimation; neural networks; predictive interval; survival analysis; time-varying covariates,Y,Y,"The full study repeats neural-network experiments and cross-validation on several datasets, so reproducing all results may be computationally expensive. The code and main experimental settings are public, so the experiments should be reproducible.",A
JMLR-v22-20-429,Estimation and Optimization of Composite Outcomes,Daniel J. Luckett; Eric B. Laber; Siyeon Kim; Michael R. Kosorok,4,Genospace; North Carolina State University; University of North Carolina at Chapel Hill,3,Not provided by authors,N,Y,"The method uses statistical estimation and policy learning rather than large deep models. The simulations and bipolar-depression application are described clearly, so a basic reproduction is possible.",B - treatment
JMLR-v18-17-159,Sparse Concordance-assisted Learning for Optimal Treatment Decision,Shuhan Liang; Wenbin Lu; Rui Song; Lan Wang,4,North Carolina State University; University of Minnesota,2,Not provided by authors,N,Y,"The method solves a sparse convex learning problem and should run on a normal workstation. The simulations and STAR*D application are described in detail, which makes the core method reproducible.",B - treatment
JMLR-v23-21-0354,Non-asymptotic Properties of Individualized Treatment Rules from Sequentially Rule-Adaptive Trials,Daiqi Gao; Yufeng Liu; Donglin Zeng,3,University of North Carolina at Chapel Hill,2,Not provided by authors,N,Y,"The paper relies on contextual-bandit simulations and standard statistical learning methods, so expensive hardware is not required. The trial design and estimators are explained clearly enough for a synthetic reproduction.",B - treatment
JMLR-v24-21-0187,Semi-Supervised Off-Policy Reinforcement Learning and Value Estimation for Dynamic Treatment Regimes,Aaron Sonabend-W; Nilanjana Laha; Ashwin N. Ananthakrishnan; Tianxi Cai; Rajarshi Mukherjee,5,Harvard University; Texas A&M University; Massachusetts General Hospital,3,Not provided by authors,N,N,The statistical models are moderate and should run on a normal workstation. Exact reproduction is harder because the clinical notes and annotated patient outcomes are not fully public.,B - treatment
JMLR-v21-20-334,Near-optimal Individualized Treatment Recommendations,Haomiao Meng; Ying-Qi Zhao; Haoda Fu; Xingye Qiao,4,Binghamton University; Fred Hutchinson Cancer Research Center; Eli Lilly and Company,3,Not provided by authors,N,Y,"The method is based on weighted classification and does not require expensive computing. An R package is available and the simulations are detailed, so the main results should be reproducible.",B - treatment
JMLR-v17-15-444,Structure-Leveraged Methods in Breast Cancer Risk Prediction,Jun Fan; Yirong Wu; Ming Yuan; David Page; Jie Liu; Irene M. Ong; Peggy Peissig; Elizabeth Burnside,8,Princeton University; University of Wisconsin-Madison; Marshfield Clinic Research Foundation,4,Not provided by authors,N,N,"The penalized models are not computationally expensive and can run on a normal computer. The electronic-health-record and genetic data are not fully public, so exact reproduction may not be possible.",B - risk
doi:10.1007/s10994-021-06114-3,"Receiver Operating Characteristic (ROC) Movies, Universal ROC (UROC) Curves, and Coefficient of Predictive Ability (CPA)",Tilmann Gneiting; Eva-Maria Walz,2,Heidelberg Institute for Theoretical Studies; Karlsruhe Institute of Technology,2,Not provided by authors,N,Y,"The method uses rank calculations and standard R or Python tools, so it is inexpensive to run. Public code and public survival data are available, which makes the examples reproducible.",B - risk
NeurIPS-2017-22fb0cee7e1f3bde58293de743871417,DPSCREEN: Dynamic Personalized Screening,Kartik Ahuja; William Zame; Mihaela van der Schaar,3,"University of California, Los Angeles; University of Oxford",3,Not provided by authors,N,N,"The approximate screening-policy algorithm is designed to be computationally tractable. The large breast-cancer dataset is not public, so exact reproduction is difficult.",B - screening
NeurIPS-1994-168908dd3227b8358eababa07fcaf091,Predicting the Risk of Complications in Coronary Artery Bypass Operations using Neural Networks,Richard P. Lippmann; Linda Kukolich; David Shahian,3,MIT Lincoln Laboratory; Lahey Clinic,3,Not provided by authors,N,N,"The neural networks are very small by modern standards, although the study repeats training with bootstrap samples. The original hospital data and code are not publicly available, so exact reproduction is not easy.",B - risk
doi:10.1007/s10994-022-06257-x,Predicting Survival Outcomes in the Presence of Unlabeled Data,Fateme Nateghi Haredasht; Celine Vens,2,"Department of Public Health and Primary Care, KU Leuven Campus KULAK; ITEC - imec and KU Leuven",2,Survival analysis; Semi-supervised learning; Random survival forest; Self-training,N,Y,"The experiments train random survival forests on fifteen small clinical and gene-expression datasets with no GPU, so the computation is light. The datasets come from the public R survival package and public gene-expression repositories, and random survival forests and Lasso-Cox are available in standard libraries, so the study is reproducible.",A
